{
  "id": "1585208",
  "name": "马蜂窝",
  "font_family": "iconfont",
  "css_prefix_text": "icon-",
  "description": "",
  "glyphs": [
    {
      "icon_id": "258577",
      "name": "新浪",
      "font_class": "tubiao214",
      "unicode": "e61f",
      "unicode_decimal": 58911
    },
    {
      "icon_id": "339514",
      "name": "QQ",
      "font_class": "icon",
      "unicode": "e601",
      "unicode_decimal": 58881
    },
    {
      "icon_id": "879181",
      "name": "weixin",
      "font_class": "weixin",
      "unicode": "e66a",
      "unicode_decimal": 58986
    },
    {
      "icon_id": "12008077",
      "name": "特价",
      "font_class": "tejia",
      "unicode": "e600",
      "unicode_decimal": 58880
    }
  ]
}
